Text,Href
Websites,/websites
Online Stores,/online-store
Pricing,/in/pricing
,/
Log In,/login
Sign Up,/signup
,/
Sign Up,/signup
Websites,/websites
Online Stores,/online-store
Pricing,/in/pricing
Guides,https://www.weebly.com/guides
Themes,/in/themes
Features,/in/features
App Center,/in/app-center
SEO Guide,https://www.weebly.com/seo
Help Center,https://hc.weebly.com/hc/en-us
Blog,https://www.squareup.com/townsquare
Log In,/login
Get Started,/signup
Guides,https://www.weebly.com/guides
Themes,/in/themes
Features,/in/features
Blog,https://www.squareup.com/townsquare
App Center,/in/app-center
SEO Guide,https://www.weebly.com/seo
Help,https://hc.weebly.com/hc/en-us
Create Your Website,/signup
Get Started,/signup
More Designs >,/themes
Get Started >,/signup
Learn More >,/websites
Learn More >,/online-store
Learn More >,/marketing
Sign Up,/signup
Learn More >,/square
Learn More >,/blog
Learn More >,/guides
Get Started,/signup
Websites,/websites
Online Stores,/online-store
Photo Studio,//squareup.com/photo-studio
Features,/in/features
Themes,/in/themes
Pricing,/in/pricing
App Center,/in/app-center
Mobile Apps,/in/mobile
Blog,//squareup.com/townsquare
Success Stories,/in/stories
Developer Docs,//dev.weebly.com
Affiliates,https://get.weebly.com/affiliates/
Support Center,https://www.weebly.com/app/help
Community,https://community.weebly.com
About,/in/about
Careers,https://careers.weebly.com/
Press,https://weebly.com/press
Contact,/in/contact
Terms,/in/terms-of-service/
Privacy Policy,/in/privacy/
Additional California Privacy Disclosure,https://squareup.com/us/en/legal/general/weebly-ca-privacy-disclosure
"© 2019 Square, Inc",/
,https://www.facebook.com/weebly
,https://twitter.com/weebly
,https://www.youtube.com/user/weebly
,https://instagram.com/weebly/
,https://plus.google.com/+weebly/posts
Español (Catalan),?lang=ca_ES
Dansk,?lang=da_DK
Deutsch,?lang=de_DE
English (Australia),?lang=en_AU
English (UK),?lang=en_GB
English (Canada),?lang=en_CA
English (Ireland),?lang=en_IE
Español (US),?lang=es_US
Español (Spain),?lang=es_ES
Français (France),?lang=fr_FR
Français (Canada),?lang=fr_CA
Italiano,?lang=it_IT
日本語,?lang=ja_JP
한국어,?lang=ko_KR
Nederlands,?lang=nl_NL
Norsk,?lang=no_NO
Polski,?lang=pl_PL
Português,?lang=pt_PT
Pусский,?lang=ru_RU
Svenska,?lang=sv_SE
Türkçe,?lang=tr_TR
中文 (繁體),?lang=zh_TW
中文 (简体),?lang=zh_CN
